,method,ndofs,nits_bpcg,nits_minres,precon,time_bpcg,time_minres,vert
0,nonconforming,15068.0,36.0,73.0,bddc,0.031836,0.047207,1660.0
1,nonconforming,62060.0,38.0,77.0,bddc,0.11648899999999995,0.20501900000000006,6424.0
2,nonconforming,249164.0,38.0,77.0,bddc,0.470337,0.779909,25264.0
3,nonconforming,995852.0,39.0,79.0,bddc,2.4989039999999996,3.956535999999999,100192.0
