,method,ndofs,nits_bpcg,nits_minres,precon,time_bpcg,time_minres,vert
0,bdm1,24596.0,172.0,241.0,bddc,0.364313,0.3245100000000001,1660.0
1,bdm2,43436.0,235.0,429.0,bddc,1.0675970000000001,1.2066310000000002,1660.0
2,bdm1,99740.0,172.0,253.0,bddc,1.4014110000000004,1.337352,6424.0
3,bdm2,174668.0,300.0,451.0,bddc,5.6309890000000005,5.56569,6424.0
4,bdm1,399020.0,243.0,289.0,bddc,8.271463,6.816588000000003,25264.0
5,bdm2,697868.0,351.0,481.0,bddc,29.224287999999994,26.49758,25264.0
6,bdm1,1593548.0,351.0,392.0,bddc,58.920533000000006,45.744766999999996,100192.0
7,bdm2,2787212.0,412.0,614.0,bddc,168.53119199999998,163.25185499999998,100192.0
