,method,ndofs,nits_bpcg,nits_minres,precon,preconTime,time_bpcg,time_minres,vert
0,curldiv,14901.0,1308.0,2255.0,bddc,0.04591400000000001,0.6976380000000001,0.851532,571.0
1,curldiv,59698.0,3525.0,5137.0,bddc,0.18303599999999975,4.425838,5.222827,2162.0
2,curldiv,238032.0,8468.0,11630.0,bddc,0.745158,48.961850999999996,60.07012,8404.0
