,method,ndofs,nits_bpcg,nits_minres,precon,preconTime,time_bpcg,time_minres,vert
0,curldiv,14901.0,79.0,86.0,bddc,0.11443800000000004,0.19897399999999998,0.16706100000000013,571.0
1,curldiv,59698.0,82.0,91.0,bddc,0.44689000000000023,0.9183309999999998,1.3824839999999998,2162.0
