,method,ndofs,nits_bpcg,nits_minres,precon,time_bpcg,time_minres,vert
0,nonconforming,15068.0,36.0,73.0,bddc,0.031552000000000024,0.04783299999999996,1660.0
1,nonconforming,15068.0,36.0,73.0,multi,0.033003000000000005,0.052006,1660.0
2,nonconforming,62060.0,38.0,77.0,bddc,0.10660200000000009,0.170883,6424.0
3,nonconforming,62060.0,38.0,77.0,multi,0.11447600000000002,0.18652800000000003,6424.0
4,nonconforming,249164.0,38.0,77.0,bddc,0.47948900000000005,0.7914789999999998,25264.0
5,nonconforming,249164.0,38.0,77.0,multi,0.5066980000000001,0.874574,25264.0
6,nonconforming,995852.0,39.0,79.0,bddc,2.464309,4.0074749999999995,100192.0
7,nonconforming,995852.0,39.0,79.0,multi,2.5248610000000014,4.184974999999998,100192.0
